tenant_id,date,gas_m3,water_m3,electricity_kwh
T000,2024-01-01,952,96,2057
T000,2024-01-02,947,53,2850
T000,2024-01-03,181,52,4371
T000,2024-01-04,744,94,3724
T000,2024-01-05,778,30,2232
T001,2024-01-01,875,76,537
T001,2024-01-02,812,31,4891
T001,2024-01-03,632,51,1662
T001,2024-01-04,554,73,1058
T001,2024-01-05,281,41,2204
T002,2024-01-01,777,71,4138
T002,2024-01-02,524,93,4136
T002,2024-01-03,586,37,4971
T002,2024-01-04,819,58,2323
T002,2024-01-05,823,23,3612
T003,2024-01-01,196,76,4021
T003,2024-01-02,803,41,2054
T003,2024-01-03,838,69,2250
T003,2024-01-04,555,76,1688
T003,2024-01-05,726,77,3852
T004,2024-01-01,659,28,4623
T004,2024-01-02,420,23,2802
T004,2024-01-03,409,64,1764
T004,2024-01-04,407,95,3596
T004,2024-01-05,710,21,4671
T005,2024-01-01,172,26,2740
T005,2024-01-02,555,100,4371
T005,2024-01-03,806,74,2002
T005,2024-01-04,563,35,4968
T005,2024-01-05,117,43,4445
T006,2024-01-01,705,75,1253
T006,2024-01-02,535,13,1366
T006,2024-01-03,129,72,3510
T006,2024-01-04,452,28,1032
T006,2024-01-05,100,37,1525
T007,2024-01-01,985,81,4928
T007,2024-01-02,135,62,2270
T007,2024-01-03,93,25,1011
T007,2024-01-04,629,38,1497
T007,2024-01-05,513,21,3435
T008,2024-01-01,879,76,3183
T008,2024-01-02,591,98,2980
T008,2024-01-03,530,35,4030
T008,2024-01-04,590,63,2944
T008,2024-01-05,359,32,2759
T009,2024-01-01,615,41,2893
T009,2024-01-02,110,88,4915
T009,2024-01-03,861,64,3785
T009,2024-01-04,511,76,4344
T009,2024-01-05,845,30,1203
T010,2024-01-01,52,91,3359
T010,2024-01-02,564,70,4693
T010,2024-01-03,985,47,3677
T010,2024-01-04,695,38,1917
T010,2024-01-05,675,72,4255
T011,2024-01-01,953,24,2604
T011,2024-01-02,513,54,511
T011,2024-01-03,882,88,1599
T011,2024-01-04,914,16,3857
T011,2024-01-05,591,96,3843
T012,2024-01-01,960,80,1784
T012,2024-01-02,459,93,1217
T012,2024-01-03,697,41,501
T012,2024-01-04,853,12,4041
T012,2024-01-05,760,83,3017
T013,2024-01-01,995,59,520
T013,2024-01-02,651,19,2777
T013,2024-01-03,476,44,2791
T013,2024-01-04,54,32,511
T013,2024-01-05,493,81,4579
T014,2024-01-01,219,56,3636
T014,2024-01-02,758,73,4160
T014,2024-01-03,24,86,3231
T014,2024-01-04,801,15,1614
T014,2024-01-05,33,93,1436
T015,2024-01-01,581,39,2752
T015,2024-01-02,504,37,4299
T015,2024-01-03,764,11,3612
T015,2024-01-04,556,71,578
T015,2024-01-05,621,87,1153
T016,2024-01-01,408,36,4281
T016,2024-01-02,990,81,4707
T016,2024-01-03,549,44,1088
T016,2024-01-04,472,81,2874
T016,2024-01-05,170,46,615
T017,2024-01-01,649,65,3881
T017,2024-01-02,887,98,1398
T017,2024-01-03,802,87,2148
T017,2024-01-04,272,26,1648
T017,2024-01-05,646,67,3493
T018,2024-01-01,852,94,3730
T018,2024-01-02,36,12,4727
T018,2024-01-03,292,58,500
T018,2024-01-04,319,33,1910
T018,2024-01-05,441,93,2657
T019,2024-01-01,995,57,1473
T019,2024-01-02,574,90,4646
T019,2024-01-03,225,69,2102
T019,2024-01-04,261,45,1709
T019,2024-01-05,456,15,4292
T020,2024-01-01,484,37,3510
T020,2024-01-02,179,42,1192
T020,2024-01-03,537,86,4225
T020,2024-01-04,309,54,2456
T020,2024-01-05,119,88,1387
T021,2024-01-01,903,46,2472
T021,2024-01-02,727,71,1892
T021,2024-01-03,127,58,807
T021,2024-01-04,866,30,4719
T021,2024-01-05,835,31,3691
T022,2024-01-01,437,74,2000
T022,2024-01-02,63,19,4816
T022,2024-01-03,343,39,2139
T022,2024-01-04,273,80,927
T022,2024-01-05,490,60,2535
T023,2024-01-01,127,40,1811
T023,2024-01-02,499,65,3436
T023,2024-01-03,526,90,3512
T023,2024-01-04,323,49,2633
T023,2024-01-05,126,20,925
T024,2024-01-01,619,38,2387
T024,2024-01-02,283,93,1298
T024,2024-01-03,522,73,1273
T024,2024-01-04,535,56,4851
T024,2024-01-05,565,54,3271
T025,2024-01-01,292,87,3970
T025,2024-01-02,316,30,2739
T025,2024-01-03,410,60,3650
T025,2024-01-04,716,29,2755
T025,2024-01-05,237,57,882
T026,2024-01-01,445,83,2382
T026,2024-01-02,789,94,4635
T026,2024-01-03,848,67,4722
T026,2024-01-04,955,72,1482
T026,2024-01-05,34,38,3863
T027,2024-01-01,498,68,3072
T027,2024-01-02,22,78,958
T027,2024-01-03,487,49,4045
T027,2024-01-04,481,69,3749
T027,2024-01-05,80,14,4400
T028,2024-01-01,967,33,4033
T028,2024-01-02,979,88,798
T028,2024-01-03,385,69,2564
T028,2024-01-04,828,43,1370
T028,2024-01-05,313,50,2660
T029,2024-01-01,866,90,4067
T029,2024-01-02,895,53,2525
T029,2024-01-03,96,67,2220
T029,2024-01-04,164,99,3422
T029,2024-01-05,571,46,2156
T030,2024-01-01,577,53,3613
T030,2024-01-02,280,19,3297
T030,2024-01-03,692,75,2537
T030,2024-01-04,746,28,1111
T030,2024-01-05,874,55,3613
T031,2024-01-01,456,98,2878
T031,2024-01-02,692,79,598
T031,2024-01-03,933,94,4135
T031,2024-01-04,916,31,841
T031,2024-01-05,871,79,3989
T032,2024-01-01,172,82,3405
T032,2024-01-02,468,70,4580
T032,2024-01-03,721,12,1673
T032,2024-01-04,457,62,3194
T032,2024-01-05,139,23,1417
T033,2024-01-01,310,12,1996
T033,2024-01-02,431,29,4966
T033,2024-01-03,397,83,1363
T033,2024-01-04,887,41,3535
T033,2024-01-05,153,29,4138
T034,2024-01-01,198,29,2714
T034,2024-01-02,982,86,2391
T034,2024-01-03,53,68,1470
T034,2024-01-04,921,56,1984
T034,2024-01-05,942,24,3049
T035,2024-01-01,831,66,4715
T035,2024-01-02,757,48,955
T035,2024-01-03,951,80,1695
T035,2024-01-04,927,89,3293
T035,2024-01-05,340,53,4782
T036,2024-01-01,94,30,3985
T036,2024-01-02,96,38,1981
T036,2024-01-03,826,43,4039
T036,2024-01-04,852,66,1198
T036,2024-01-05,293,63,1818
T037,2024-01-01,228,15,3690
T037,2024-01-02,366,30,2486
T037,2024-01-03,305,61,560
T037,2024-01-04,12,21,2904
T037,2024-01-05,874,60,2529
T038,2024-01-01,615,60,2488
T038,2024-01-02,144,20,1483
T038,2024-01-03,158,94,3007
T038,2024-01-04,613,100,3189
T038,2024-01-05,912,57,2963
T039,2024-01-01,53,25,3819
T039,2024-01-02,771,90,3110
T039,2024-01-03,520,42,2930
T039,2024-01-04,454,33,4405
T039,2024-01-05,263,74,4569
T040,2024-01-01,180,10,4830
T040,2024-01-02,613,77,4497
T040,2024-01-03,11,14,4196
T040,2024-01-04,180,87,1470
T040,2024-01-05,640,44,4243
T041,2024-01-01,91,93,4820
T041,2024-01-02,418,77,3193
T041,2024-01-03,810,89,4253
T041,2024-01-04,852,29,2669
T041,2024-01-05,154,82,3144
T042,2024-01-01,44,68,2998
T042,2024-01-02,102,31,2998
T042,2024-01-03,652,13,3111
T042,2024-01-04,440,40,1041
T042,2024-01-05,654,47,1541
T043,2024-01-01,380,16,1692
T043,2024-01-02,818,23,3016
T043,2024-01-03,460,26,1203
T043,2024-01-04,949,70,2630
T043,2024-01-05,572,82,1474
T044,2024-01-01,462,78,3772
T044,2024-01-02,413,92,1086
T044,2024-01-03,273,49,3131
T044,2024-01-04,465,18,3441
T044,2024-01-05,224,61,896
T045,2024-01-01,365,77,3185
T045,2024-01-02,436,49,3216
T045,2024-01-03,153,28,1678
T045,2024-01-04,905,14,2657
T045,2024-01-05,170,65,1727
T046,2024-01-01,946,17,2713
T046,2024-01-02,923,84,2320
T046,2024-01-03,662,71,1930
T046,2024-01-04,183,60,941
T046,2024-01-05,680,47,3648
T047,2024-01-01,953,61,2037
T047,2024-01-02,79,57,3409
T047,2024-01-03,408,63,3615
T047,2024-01-04,45,10,2760
T047,2024-01-05,70,65,1604
T048,2024-01-01,532,55,4164
T048,2024-01-02,99,29,4559
T048,2024-01-03,904,97,1351
T048,2024-01-04,933,38,1472
T048,2024-01-05,587,18,3826
T049,2024-01-01,104,44,4014
T049,2024-01-02,338,71,3588
T049,2024-01-03,553,51,3238
T049,2024-01-04,838,54,4907
T049,2024-01-05,105,41,709
T050,2024-01-01,460,87,4006
T050,2024-01-02,778,95,3205
T050,2024-01-03,718,57,1697
T050,2024-01-04,906,15,2162
T050,2024-01-05,148,12,2077
T051,2024-01-01,860,10,4767
T051,2024-01-02,112,100,716
T051,2024-01-03,507,36,1804
T051,2024-01-04,959,93,2089
T051,2024-01-05,200,82,1385
T052,2024-01-01,86,53,1050
T052,2024-01-02,406,41,2975
T052,2024-01-03,315,67,1946
T052,2024-01-04,167,92,3378
T052,2024-01-05,727,38,4778
T053,2024-01-01,460,87,1497
T053,2024-01-02,186,67,1406
T053,2024-01-03,177,11,2080
T053,2024-01-04,916,64,3008
T053,2024-01-05,311,63,721
T054,2024-01-01,455,57,2048
T054,2024-01-02,71,62,2408
T054,2024-01-03,54,70,2088
T054,2024-01-04,170,39,789
T054,2024-01-05,568,85,2018
T055,2024-01-01,951,25,2001
T055,2024-01-02,756,62,3035
T055,2024-01-03,439,10,1840
T055,2024-01-04,847,39,4620
T055,2024-01-05,889,17,1037
T056,2024-01-01,201,63,3191
T056,2024-01-02,836,41,1646
T056,2024-01-03,931,42,1826
T056,2024-01-04,263,89,2551
T056,2024-01-05,142,91,3357
T057,2024-01-01,595,56,4726
T057,2024-01-02,699,13,669
T057,2024-01-03,675,67,1615
T057,2024-01-04,222,99,2034
T057,2024-01-05,536,69,2020
T058,2024-01-01,97,92,3970
T058,2024-01-02,986,23,2543
T058,2024-01-03,103,35,1303
T058,2024-01-04,544,40,2465
T058,2024-01-05,574,11,2883
T059,2024-01-01,466,85,3456
T059,2024-01-02,441,18,2376
T059,2024-01-03,434,49,1298
T059,2024-01-04,457,76,1899
T059,2024-01-05,611,48,4708
T060,2024-01-01,637,18,1673
T060,2024-01-02,711,52,1839
T060,2024-01-03,267,65,1783
T060,2024-01-04,521,68,4311
T060,2024-01-05,797,71,2789
T061,2024-01-01,93,28,1497
T061,2024-01-02,557,84,2285
T061,2024-01-03,160,81,881
T061,2024-01-04,336,47,4854
T061,2024-01-05,85,69,4141
T062,2024-01-01,100,91,4284
T062,2024-01-02,974,15,1584
T062,2024-01-03,715,96,2093
T062,2024-01-04,831,86,568
T062,2024-01-05,189,77,2202
T063,2024-01-01,429,66,4836
T063,2024-01-02,921,24,1697
T063,2024-01-03,1000,89,4882
T063,2024-01-04,94,49,1493
T063,2024-01-05,587,61,1524
T064,2024-01-01,537,19,4914
T064,2024-01-02,892,99,2530
T064,2024-01-03,392,85,4469
T064,2024-01-04,490,17,3217
T064,2024-01-05,170,17,972
T065,2024-01-01,339,13,4095
T065,2024-01-02,875,51,1003
T065,2024-01-03,908,81,1741
T065,2024-01-04,226,31,3207
T065,2024-01-05,10,94,4593
T066,2024-01-01,32,17,2072
T066,2024-01-02,721,38,4736
T066,2024-01-03,968,11,2547
T066,2024-01-04,347,91,2144
T066,2024-01-05,577,54,550
T067,2024-01-01,114,91,2759
T067,2024-01-02,378,78,2772
T067,2024-01-03,111,41,3236
T067,2024-01-04,299,55,2145
T067,2024-01-05,563,80,1538
T068,2024-01-01,606,86,3652
T068,2024-01-02,645,78,4989
T068,2024-01-03,686,76,3531
T068,2024-01-04,108,93,1816
T068,2024-01-05,823,79,2777
T069,2024-01-01,595,23,636
T069,2024-01-02,70,67,3073
T069,2024-01-03,916,47,2312
T069,2024-01-04,344,14,3984
T069,2024-01-05,285,17,3704
T070,2024-01-01,453,63,990
T070,2024-01-02,361,14,2749
T070,2024-01-03,441,92,2043
T070,2024-01-04,850,25,1147
T070,2024-01-05,440,72,1625
T071,2024-01-01,938,77,2074
T071,2024-01-02,330,52,2356
T071,2024-01-03,471,48,4779
T071,2024-01-04,494,47,1214
T071,2024-01-05,419,45,3531
T072,2024-01-01,274,34,4847
T072,2024-01-02,819,14,3986
T072,2024-01-03,718,45,4417
T072,2024-01-04,849,37,2553
T072,2024-01-05,591,67,2746
T073,2024-01-01,11,55,4057
T073,2024-01-02,798,48,4126
T073,2024-01-03,471,86,4802
T073,2024-01-04,463,23,2595
T073,2024-01-05,764,54,1847
T074,2024-01-01,60,25,2949
T074,2024-01-02,265,27,951
T074,2024-01-03,225,69,2695
T074,2024-01-04,557,37,3798
T074,2024-01-05,225,75,1194
T075,2024-01-01,971,16,4434
T075,2024-01-02,326,97,3364
T075,2024-01-03,298,80,693
T075,2024-01-04,820,86,763
T075,2024-01-05,880,53,4561
T076,2024-01-01,247,24,2167
T076,2024-01-02,802,72,3487
T076,2024-01-03,159,67,4873
T076,2024-01-04,522,57,1950
T076,2024-01-05,405,31,4107
T077,2024-01-01,373,24,1573
T077,2024-01-02,887,56,1466
T077,2024-01-03,810,91,543
T077,2024-01-04,443,37,3157
T077,2024-01-05,895,89,751
T078,2024-01-01,792,10,1700
T078,2024-01-02,173,39,3599
T078,2024-01-03,951,39,4154
T078,2024-01-04,234,69,3817
T078,2024-01-05,31,69,4833
T079,2024-01-01,527,11,3800
T079,2024-01-02,260,28,1180
T079,2024-01-03,297,70,537
T079,2024-01-04,191,30,3599
T079,2024-01-05,448,70,1634
T080,2024-01-01,274,32,3893
T080,2024-01-02,729,15,1462
T080,2024-01-03,719,11,4498
T080,2024-01-04,664,18,1760
T080,2024-01-05,491,44,1274
T081,2024-01-01,431,70,909
T081,2024-01-02,984,76,2030
T081,2024-01-03,82,34,4254
T081,2024-01-04,745,31,3752
T081,2024-01-05,612,73,808
T082,2024-01-01,907,82,526
T082,2024-01-02,776,97,4933
T082,2024-01-03,987,36,2391
T082,2024-01-04,600,12,711
T082,2024-01-05,754,37,2559
T083,2024-01-01,93,49,2287
T083,2024-01-02,735,60,2229
T083,2024-01-03,598,94,1728
T083,2024-01-04,205,39,2914
T083,2024-01-05,467,78,2779
T084,2024-01-01,795,91,3202
T084,2024-01-02,891,31,1981
T084,2024-01-03,12,36,1128
T084,2024-01-04,36,63,1711
T084,2024-01-05,650,87,4458
T085,2024-01-01,284,43,508
T085,2024-01-02,127,60,3842
T085,2024-01-03,335,45,3902
T085,2024-01-04,430,14,1526
T085,2024-01-05,300,27,2808
T086,2024-01-01,800,66,2816
T086,2024-01-02,660,49,1690
T086,2024-01-03,683,92,922
T086,2024-01-04,623,23,4904
T086,2024-01-05,972,35,544
T087,2024-01-01,775,96,1805
T087,2024-01-02,52,80,2565
T087,2024-01-03,770,60,3930
T087,2024-01-04,106,28,2595
T087,2024-01-05,268,42,508
T088,2024-01-01,642,81,3217
T088,2024-01-02,851,27,3826
T088,2024-01-03,603,92,3952
T088,2024-01-04,938,75,2098
T088,2024-01-05,781,98,1571
T089,2024-01-01,153,10,4354
T089,2024-01-02,683,29,1975
T089,2024-01-03,417,64,3816
T089,2024-01-04,796,14,633
T089,2024-01-05,647,82,1529
T090,2024-01-01,983,36,2319
T090,2024-01-02,976,25,2408
T090,2024-01-03,919,15,2146
T090,2024-01-04,728,19,3936
T090,2024-01-05,604,27,785
T091,2024-01-01,632,89,4075
T091,2024-01-02,734,52,3592
T091,2024-01-03,241,21,2822
T091,2024-01-04,321,17,1585
T091,2024-01-05,26,24,4650
T092,2024-01-01,339,94,2308
T092,2024-01-02,158,26,738
T092,2024-01-03,954,51,3691
T092,2024-01-04,562,45,4005
T092,2024-01-05,701,75,1709
T093,2024-01-01,414,43,3353
T093,2024-01-02,868,61,1606
T093,2024-01-03,388,29,679
T093,2024-01-04,70,98,1547
T093,2024-01-05,553,10,2205
T094,2024-01-01,311,18,1651
T094,2024-01-02,270,71,4673
T094,2024-01-03,179,57,3695
T094,2024-01-04,121,52,1662
T094,2024-01-05,244,16,4935
T095,2024-01-01,26,62,2920
T095,2024-01-02,422,60,895
T095,2024-01-03,932,21,2774
T095,2024-01-04,493,31,2849
T095,2024-01-05,650,65,4631
T096,2024-01-01,43,23,1378
T096,2024-01-02,509,10,3806
T096,2024-01-03,941,73,4059
T096,2024-01-04,762,43,3745
T096,2024-01-05,945,81,4871
T097,2024-01-01,34,50,4026
T097,2024-01-02,155,75,3249
T097,2024-01-03,999,82,920
T097,2024-01-04,444,90,2816
T097,2024-01-05,21,18,4661
T098,2024-01-01,219,73,4765
T098,2024-01-02,417,53,1052
T098,2024-01-03,408,66,975
T098,2024-01-04,292,20,2812
T098,2024-01-05,475,76,941
T099,2024-01-01,243,53,3275
T099,2024-01-02,774,77,3152
T099,2024-01-03,998,67,1031
T099,2024-01-04,367,33,4599
T099,2024-01-05,304,42,854
T100,2024-01-01,162,42,2986
T100,2024-01-02,863,98,2850
T100,2024-01-03,880,55,1765
T100,2024-01-04,70,52,3315
T100,2024-01-05,845,37,1512
T101,2024-01-01,90,84,4327
T101,2024-01-02,486,93,2918
T101,2024-01-03,138,50,3243
T101,2024-01-04,661,83,4887
T101,2024-01-05,162,79,649
T102,2024-01-01,463,47,1031
T102,2024-01-02,510,54,1258
T102,2024-01-03,883,34,4057
T102,2024-01-04,16,79,1205
T102,2024-01-05,965,92,834
T103,2024-01-01,897,95,4402
T103,2024-01-02,789,71,4901
T103,2024-01-03,726,49,2473
T103,2024-01-04,562,62,4054
T103,2024-01-05,860,52,3772
T104,2024-01-01,146,34,3065
T104,2024-01-02,752,90,3412
T104,2024-01-03,832,25,4206
T104,2024-01-04,173,57,3020
T104,2024-01-05,43,12,1161
T105,2024-01-01,397,74,3937
T105,2024-01-02,560,78,1459
T105,2024-01-03,95,12,4887
T105,2024-01-04,207,61,2637
T105,2024-01-05,142,92,4684
T106,2024-01-01,40,40,3869
T106,2024-01-02,967,71,4548
T106,2024-01-03,132,12,1700
T106,2024-01-04,734,93,1536
T106,2024-01-05,831,16,1795
T107,2024-01-01,484,82,1011
T107,2024-01-02,782,39,1602
T107,2024-01-03,517,24,1439
T107,2024-01-04,624,49,4125
T107,2024-01-05,258,44,4979
T108,2024-01-01,759,59,4118
T108,2024-01-02,231,85,4053
T108,2024-01-03,249,58,1797
T108,2024-01-04,230,53,1278
T108,2024-01-05,53,57,832
T109,2024-01-01,122,40,1287
T109,2024-01-02,925,71,1670
T109,2024-01-03,290,97,3870
T109,2024-01-04,975,93,1335
T109,2024-01-05,647,59,4587
T110,2024-01-01,110,69,3899
T110,2024-01-02,743,21,920
T110,2024-01-03,775,38,3706
T110,2024-01-04,386,30,1287
T110,2024-01-05,256,42,1258
T111,2024-01-01,528,56,4320
T111,2024-01-02,145,96,4252
T111,2024-01-03,793,78,3465
T111,2024-01-04,709,80,1463
T111,2024-01-05,878,18,3486
T112,2024-01-01,127,93,3742
T112,2024-01-02,914,59,1916
T112,2024-01-03,594,42,2036
T112,2024-01-04,248,78,1500
T112,2024-01-05,222,61,1312
T113,2024-01-01,351,18,4680
T113,2024-01-02,476,34,1506
T113,2024-01-03,723,23,3386
T113,2024-01-04,300,19,2161
T113,2024-01-05,442,97,3676
T114,2024-01-01,712,63,4413
T114,2024-01-02,949,43,4742
T114,2024-01-03,499,91,1135
T114,2024-01-04,873,33,2240
T114,2024-01-05,274,53,2409
T115,2024-01-01,657,35,2314
T115,2024-01-02,16,73,4346
T115,2024-01-03,165,72,2680
T115,2024-01-04,965,37,2766
T115,2024-01-05,783,13,4165
T116,2024-01-01,426,82,3223
T116,2024-01-02,228,97,2158
T116,2024-01-03,393,83,4510
T116,2024-01-04,634,60,1545
T116,2024-01-05,735,42,2931
T117,2024-01-01,684,27,589
T117,2024-01-02,287,92,2568
T117,2024-01-03,962,83,2201
T117,2024-01-04,173,51,600
T117,2024-01-05,272,38,3560
T118,2024-01-01,567,61,2962
T118,2024-01-02,729,29,2020
T118,2024-01-03,978,44,4967
T118,2024-01-04,984,28,1114
T118,2024-01-05,741,40,1836
T119,2024-01-01,924,62,649
T119,2024-01-02,484,82,2499
T119,2024-01-03,605,33,1292
T119,2024-01-04,310,77,1056
T119,2024-01-05,145,13,2391
T120,2024-01-01,120,32,1633
T120,2024-01-02,890,93,1906
T120,2024-01-03,272,42,1396
T120,2024-01-04,950,63,3396
T120,2024-01-05,350,13,1651
T121,2024-01-01,687,43,537
T121,2024-01-02,237,61,546
T121,2024-01-03,335,36,2244
T121,2024-01-04,769,54,4392
T121,2024-01-05,55,66,4554
T122,2024-01-01,717,58,4608
T122,2024-01-02,224,87,2391
T122,2024-01-03,457,100,3538
T122,2024-01-04,818,10,514
T122,2024-01-05,854,11,4088
T123,2024-01-01,596,30,4953
T123,2024-01-02,304,84,4123
T123,2024-01-03,344,64,1903
T123,2024-01-04,764,41,1897
T123,2024-01-05,194,45,3961
T124,2024-01-01,296,25,3125
T124,2024-01-02,634,70,1856
T124,2024-01-03,580,17,3652
T124,2024-01-04,920,90,571
T124,2024-01-05,687,99,623
T125,2024-01-01,855,63,642
T125,2024-01-02,762,12,2100
T125,2024-01-03,519,87,3347
T125,2024-01-04,112,89,2469
T125,2024-01-05,405,30,972
T126,2024-01-01,202,87,4882
T126,2024-01-02,395,68,840
T126,2024-01-03,615,31,816
T126,2024-01-04,363,39,3245
T126,2024-01-05,193,48,1549
T127,2024-01-01,677,15,1933
T127,2024-01-02,617,15,3652
T127,2024-01-03,750,60,1263
T127,2024-01-04,78,68,1794
T127,2024-01-05,201,37,2287
T128,2024-01-01,393,36,4985
T128,2024-01-02,994,10,1633
T128,2024-01-03,515,62,2103
T128,2024-01-04,936,45,4498
T128,2024-01-05,103,83,3873
T129,2024-01-01,162,61,2579
T129,2024-01-02,602,78,2030
T129,2024-01-03,194,59,4068
T129,2024-01-04,250,68,618
T129,2024-01-05,584,85,4556
T130,2024-01-01,109,73,3318
T130,2024-01-02,699,88,3161
T130,2024-01-03,156,21,4035
T130,2024-01-04,651,33,2262
T130,2024-01-05,806,28,3052
T131,2024-01-01,763,12,3286
T131,2024-01-02,150,16,3266
T131,2024-01-03,523,62,3618
T131,2024-01-04,728,46,2144
T131,2024-01-05,436,68,2524
T132,2024-01-01,882,37,4312
T132,2024-01-02,10,83,1874
T132,2024-01-03,90,61,2847
T132,2024-01-04,999,45,3414
T132,2024-01-05,255,38,554
T133,2024-01-01,120,44,4045
T133,2024-01-02,286,89,2662
T133,2024-01-03,665,27,4091
T133,2024-01-04,153,32,4871
T133,2024-01-05,462,78,862
T134,2024-01-01,388,24,3855
T134,2024-01-02,689,82,4292
T134,2024-01-03,951,23,2623
T134,2024-01-04,707,78,1985
T134,2024-01-05,691,21,2467
T135,2024-01-01,448,91,4290
T135,2024-01-02,620,87,2689
T135,2024-01-03,552,20,3378
T135,2024-01-04,841,50,1151
T135,2024-01-05,423,43,874
T136,2024-01-01,201,14,2588
T136,2024-01-02,577,10,4417
T136,2024-01-03,907,23,777
T136,2024-01-04,18,80,3361
T136,2024-01-05,20,82,2621
T137,2024-01-01,648,75,3069
T137,2024-01-02,336,61,4818
T137,2024-01-03,92,78,4045
T137,2024-01-04,869,54,3081
T137,2024-01-05,474,13,1507
T138,2024-01-01,381,53,546
T138,2024-01-02,598,26,3351
T138,2024-01-03,381,96,633
T138,2024-01-04,160,37,4514
T138,2024-01-05,573,35,2893
T139,2024-01-01,964,13,4160
T139,2024-01-02,900,70,668
T139,2024-01-03,916,73,3661
T139,2024-01-04,486,41,2533
T139,2024-01-05,819,95,4675
T140,2024-01-01,23,50,565
T140,2024-01-02,730,21,1885
T140,2024-01-03,183,78,811
T140,2024-01-04,718,95,3859
T140,2024-01-05,323,37,4032
T141,2024-01-01,185,88,1477
T141,2024-01-02,783,93,3483
T141,2024-01-03,251,40,3789
T141,2024-01-04,46,27,4257
T141,2024-01-05,172,87,4842
T142,2024-01-01,141,63,1671
T142,2024-01-02,235,26,1274
T142,2024-01-03,834,62,2632
T142,2024-01-04,471,65,4274
T142,2024-01-05,792,92,944
T143,2024-01-01,604,54,1083
T143,2024-01-02,103,73,2322
T143,2024-01-03,719,68,2020
T143,2024-01-04,38,82,1098
T143,2024-01-05,690,53,3866
T144,2024-01-01,225,11,2444
T144,2024-01-02,849,59,3851
T144,2024-01-03,342,100,4576
T144,2024-01-04,375,62,2835
T144,2024-01-05,403,93,4377
T145,2024-01-01,767,85,4810
T145,2024-01-02,57,64,1820
T145,2024-01-03,602,56,3066
T145,2024-01-04,364,61,1795
T145,2024-01-05,922,53,3975
T146,2024-01-01,809,48,1658
T146,2024-01-02,738,54,1537
T146,2024-01-03,38,50,2102
T146,2024-01-04,863,33,2865
T146,2024-01-05,97,58,1846
T147,2024-01-01,577,78,2199
T147,2024-01-02,619,61,2142
T147,2024-01-03,480,27,1592
T147,2024-01-04,117,90,4201
T147,2024-01-05,345,54,563
T148,2024-01-01,250,92,4980
T148,2024-01-02,18,49,3284
T148,2024-01-03,248,81,2351
T148,2024-01-04,202,98,4528
T148,2024-01-05,172,92,554
T149,2024-01-01,543,10,3869
T149,2024-01-02,684,78,3107
T149,2024-01-03,782,23,3232
T149,2024-01-04,955,89,4542
T149,2024-01-05,878,25,3116
T150,2024-01-01,521,16,3682
T150,2024-01-02,834,64,1698
T150,2024-01-03,183,69,1926
T150,2024-01-04,150,33,1808
T150,2024-01-05,193,64,4106
T151,2024-01-01,530,67,3256
T151,2024-01-02,107,100,2278
T151,2024-01-03,562,21,582
T151,2024-01-04,663,82,2287
T151,2024-01-05,91,74,2316
T152,2024-01-01,684,57,4135
T152,2024-01-02,141,83,2520
T152,2024-01-03,146,92,3286
T152,2024-01-04,880,97,4110
T152,2024-01-05,649,61,3305
T153,2024-01-01,326,28,3443
T153,2024-01-02,622,60,3966
T153,2024-01-03,581,38,4299
T153,2024-01-04,588,77,4501
T153,2024-01-05,197,73,2818
T154,2024-01-01,283,100,1022
T154,2024-01-02,680,20,3891
T154,2024-01-03,910,90,2902
T154,2024-01-04,59,84,2092
T154,2024-01-05,214,41,867
T155,2024-01-01,973,51,3854
T155,2024-01-02,473,76,4376
T155,2024-01-03,160,15,4353
T155,2024-01-04,909,35,4049
T155,2024-01-05,828,93,1933
T156,2024-01-01,701,43,4470
T156,2024-01-02,520,26,3669
T156,2024-01-03,225,99,4396
T156,2024-01-04,985,54,2706
T156,2024-01-05,136,79,4679
T157,2024-01-01,698,74,1222
T157,2024-01-02,271,30,4058
T157,2024-01-03,14,11,1596
T157,2024-01-04,769,49,2083
T157,2024-01-05,276,34,1596
T158,2024-01-01,239,12,1079
T158,2024-01-02,190,29,599
T158,2024-01-03,623,46,3880
T158,2024-01-04,334,47,1573
T158,2024-01-05,136,91,656
T159,2024-01-01,562,12,3175
T159,2024-01-02,905,47,2309
T159,2024-01-03,631,31,3685
T159,2024-01-04,689,36,1133
T159,2024-01-05,153,100,1045
T160,2024-01-01,78,16,945
T160,2024-01-02,580,18,3117
T160,2024-01-03,327,45,2051
T160,2024-01-04,667,86,2441
T160,2024-01-05,728,41,3394
T161,2024-01-01,918,85,3717
T161,2024-01-02,922,36,1411
T161,2024-01-03,192,48,3304
T161,2024-01-04,311,35,1829
T161,2024-01-05,25,86,1285
T162,2024-01-01,709,11,3321
T162,2024-01-02,469,86,1193
T162,2024-01-03,318,95,2279
T162,2024-01-04,246,82,3224
T162,2024-01-05,355,56,1132
T163,2024-01-01,11,69,977
T163,2024-01-02,53,87,2782
T163,2024-01-03,185,60,1812
T163,2024-01-04,403,86,4311
T163,2024-01-05,920,98,4571
T164,2024-01-01,601,41,1056
T164,2024-01-02,834,75,4353
T164,2024-01-03,34,28,1638
T164,2024-01-04,357,12,3323
T164,2024-01-05,83,29,1600
T165,2024-01-01,847,40,4403
T165,2024-01-02,358,76,1329
T165,2024-01-03,920,77,4611
T165,2024-01-04,85,75,1851
T165,2024-01-05,162,30,1574
T166,2024-01-01,244,15,875
T166,2024-01-02,644,86,4410
T166,2024-01-03,40,46,3498
T166,2024-01-04,772,94,2391
T166,2024-01-05,526,43,3240
T167,2024-01-01,233,22,4459
T167,2024-01-02,266,11,3012
T167,2024-01-03,743,57,729
T167,2024-01-04,315,77,3819
T167,2024-01-05,606,27,4696
T168,2024-01-01,462,63,1456
T168,2024-01-02,985,39,1586
T168,2024-01-03,225,35,1664
T168,2024-01-04,971,93,749
T168,2024-01-05,518,80,4913
T169,2024-01-01,650,54,1108
T169,2024-01-02,321,80,1926
T169,2024-01-03,910,29,1072
T169,2024-01-04,125,46,4938
T169,2024-01-05,591,24,1678
T170,2024-01-01,619,100,721
T170,2024-01-02,178,85,4075
T170,2024-01-03,329,57,1423
T170,2024-01-04,567,62,3160
T170,2024-01-05,532,57,3743
T171,2024-01-01,821,66,2795
T171,2024-01-02,85,38,1205
T171,2024-01-03,826,52,748
T171,2024-01-04,725,93,1895
T171,2024-01-05,249,74,2255
T172,2024-01-01,448,24,3545
T172,2024-01-02,66,21,4554
T172,2024-01-03,21,79,2313
T172,2024-01-04,606,84,3643
T172,2024-01-05,797,96,2305
T173,2024-01-01,709,73,1189
T173,2024-01-02,902,48,3323
T173,2024-01-03,672,48,618
T173,2024-01-04,764,60,2727
T173,2024-01-05,206,73,1610
T174,2024-01-01,464,29,2856
T174,2024-01-02,932,21,3829
T174,2024-01-03,672,100,4049
T174,2024-01-04,636,26,892
T174,2024-01-05,549,93,3288
T175,2024-01-01,123,71,3220
T175,2024-01-02,661,54,4451
T175,2024-01-03,340,57,3720
T175,2024-01-04,500,97,2898
T175,2024-01-05,432,26,3789
T176,2024-01-01,694,72,3723
T176,2024-01-02,403,58,1903
T176,2024-01-03,930,53,643
T176,2024-01-04,894,74,1936
T176,2024-01-05,968,85,1480
T177,2024-01-01,903,60,3671
T177,2024-01-02,953,84,4126
T177,2024-01-03,478,54,3271
T177,2024-01-04,55,95,1323
T177,2024-01-05,765,20,1938
T178,2024-01-01,656,91,845
T178,2024-01-02,590,82,2632
T178,2024-01-03,71,50,2667
T178,2024-01-04,109,53,2094
T178,2024-01-05,126,94,4503
T179,2024-01-01,524,37,2312
T179,2024-01-02,866,48,1714
T179,2024-01-03,73,76,2346
T179,2024-01-04,290,30,3160
T179,2024-01-05,22,71,1355
T180,2024-01-01,849,98,4400
T180,2024-01-02,339,70,712
T180,2024-01-03,749,33,4572
T180,2024-01-04,17,81,2286
T180,2024-01-05,71,99,4841
T181,2024-01-01,186,19,4299
T181,2024-01-02,506,58,4800
T181,2024-01-03,996,83,2568
T181,2024-01-04,818,53,623
T181,2024-01-05,464,66,2912
T182,2024-01-01,869,80,3619
T182,2024-01-02,480,45,2901
T182,2024-01-03,877,17,1614
T182,2024-01-04,281,26,961
T182,2024-01-05,259,61,2693
T183,2024-01-01,253,11,3394
T183,2024-01-02,129,30,4970
T183,2024-01-03,711,88,3874
T183,2024-01-04,971,93,3619
T183,2024-01-05,920,70,4650
T184,2024-01-01,439,82,4290
T184,2024-01-02,921,79,2759
T184,2024-01-03,243,62,4635
T184,2024-01-04,187,10,4424
T184,2024-01-05,140,98,4690
T185,2024-01-01,449,90,3720
T185,2024-01-02,860,41,2335
T185,2024-01-03,304,88,2499
T185,2024-01-04,262,85,4578
T185,2024-01-05,332,80,2961
T186,2024-01-01,200,76,2833
T186,2024-01-02,215,29,2112
T186,2024-01-03,15,58,2790
T186,2024-01-04,248,50,515
T186,2024-01-05,730,94,1024
T187,2024-01-01,96,44,2088
T187,2024-01-02,182,75,2046
T187,2024-01-03,444,51,2923
T187,2024-01-04,119,34,3314
T187,2024-01-05,852,56,1132
T188,2024-01-01,57,49,1819
T188,2024-01-02,913,30,2869
T188,2024-01-03,15,27,4662
T188,2024-01-04,183,42,3705
T188,2024-01-05,992,65,2764
T189,2024-01-01,508,30,515
T189,2024-01-02,795,78,1340
T189,2024-01-03,605,29,3613
T189,2024-01-04,484,52,4483
T189,2024-01-05,859,92,2131
T190,2024-01-01,449,58,2981
T190,2024-01-02,964,17,682
T190,2024-01-03,650,95,1372
T190,2024-01-04,628,63,3622
T190,2024-01-05,895,12,2877
T191,2024-01-01,21,34,4122
T191,2024-01-02,445,76,1861
T191,2024-01-03,685,75,3553
T191,2024-01-04,330,53,2166
T191,2024-01-05,955,42,1696
T192,2024-01-01,417,86,2630
T192,2024-01-02,883,86,1744
T192,2024-01-03,203,22,684
T192,2024-01-04,136,29,2264
T192,2024-01-05,17,48,822
T193,2024-01-01,664,74,4693
T193,2024-01-02,412,23,1572
T193,2024-01-03,260,43,1568
T193,2024-01-04,214,95,562
T193,2024-01-05,572,38,3187
T194,2024-01-01,830,33,4945
T194,2024-01-02,966,17,1925
T194,2024-01-03,773,57,3491
T194,2024-01-04,633,65,610
T194,2024-01-05,527,50,933
T195,2024-01-01,414,42,2704
T195,2024-01-02,466,69,901
T195,2024-01-03,433,72,1138
T195,2024-01-04,124,56,1318
T195,2024-01-05,644,43,624
T196,2024-01-01,611,45,1073
T196,2024-01-02,262,85,4909
T196,2024-01-03,505,27,3776
T196,2024-01-04,187,43,2231
T196,2024-01-05,559,36,3789
T197,2024-01-01,41,54,2564
T197,2024-01-02,738,51,3713
T197,2024-01-03,506,60,4867
T197,2024-01-04,21,74,3842
T197,2024-01-05,972,20,3486
T198,2024-01-01,469,33,3330
T198,2024-01-02,965,39,1640
T198,2024-01-03,293,12,1064
T198,2024-01-04,213,27,613
T198,2024-01-05,114,81,2185
T199,2024-01-01,869,38,1773
T199,2024-01-02,1000,47,3114
T199,2024-01-03,708,77,4366
T199,2024-01-04,952,16,2424
T199,2024-01-05,322,42,1120
